id;dispatch_time;task;participant;compiler;verdict;points;execution_time;memory
130110344;16.12.24 16:28:56;A. Туда сюда;munic96;Python 3.12.3;WA;0;0;0
129311762;07.12.24 15:45:15;C. Алина и числа;munic74;C++20 (GCC 14.1);WA;0;0;0
129311557;07.12.24 15:42:50;E. Антоша и ITMO;munic74;C++20 (GCC 14.1);OK;100;340;89.3
129134743;05.12.24 13:30:10;D. Вершина и интенсивы;munic16;Python 3.12.3;TL;18;1090.0;16.0
129134725;05.12.24 13:30:00;B. MaxSum;munic75;C++20 (GCC 14.1);RE;0;0;0
129134667;05.12.24 13:29:27;C. Алина и числа;munic71;C++20 (GCC 14.1);WA;0;0;0
129134659;05.12.24 13:29:23;D. Вершина и интенсивы;munic16;Python 3.12.3;RE;0;0;0
129134602;05.12.24 13:28:38;C. Алина и числа;munic74;C++20 (GCC 14.1);TL;50;1090.0;2.9
129134591;05.12.24 13:28:30;C. Алина и числа;munic71;C++20 (GCC 14.1);WA;0;0;0
129134560;05.12.24 13:28:14;B. MaxSum;munic18;Python 3.12.3;WA;25;753;30.6
129134497;05.12.24 13:27:40;C. Алина и числа;munic74;C++20 (GCC 14.1);WA;0;0;0
129134474;05.12.24 13:27:27;B. MaxSum;munic18;Python 3.12.3;PE;0;0;0
129134410;05.12.24 13:26:57;C. Алина и числа;munic74;C++20 (GCC 14.1);WA;0;0;0
129134393;05.12.24 13:26:51;C. Алина и числа;munic102;Python 3.12.3;CE;;0;0
129134355;05.12.24 13:26:30;D. Вершина и интенсивы;munic91;Python 3.12.3;TL;18;1090.0;15.7
129134267;05.12.24 13:25:30;D. Вершина и интенсивы;munic57;C++20 (GCC 14.1);WA;0;0;0
129134256;05.12.24 13:25:24;E. Антоша и ITMO;munic90;C++20 (GCC 14.1);OK;100;342;90.1
129134125;05.12.24 13:24:16;A. Туда сюда;munic64;C++20 (GCC 14.1);OK;100;2;2.0
129134118;05.12.24 13:24:13;A. Туда сюда;munic16;Python 3.12.3;OK;100;46;4.6
129134002;05.12.24 13:22:56;D. Вершина и интенсивы;munic66;C++20 (GCC 14.1);WA;0;0;0
129133965;05.12.24 13:22:41;C. Алина и числа;munic67;C++20 (GCC 14.1);WA;0;0;0
129133939;05.12.24 13:22:25;D. Вершина и интенсивы;munic64;C++20 (GCC 14.1);WA;0;0;0
129133912;05.12.24 13:22:14;A. Туда сюда;munic64;C++20 (GCC 14.1);WA;0;0;0
129133891;05.12.24 13:21:59;D. Вершина и интенсивы;munic74;C++20 (GCC 14.1);WA;0;0;0
129133853;05.12.24 13:21:33;D. Вершина и интенсивы;munic74;Python 3.12.3;CE;;0;0
129133719;05.12.24 13:20:15;D. Вершина и интенсивы;munic85;C++20 (GCC 14.1);WA;0;0;0
129133640;05.12.24 13:19:32;D. Вершина и интенсивы;munic14;Python 3.12.3;RE;0;0;0
129133634;05.12.24 13:19:25;D. Вершина и интенсивы;munic14;Python 3.12.3;RE;0;0;0
129133590;05.12.24 13:19:02;D. Вершина и интенсивы;munic74;Python 3.12.3;WA;0;0;0
129133553;05.12.24 13:18:38;E. Антоша и ITMO;munic59;Python 3.12.3;WA;0;0;0
129133549;05.12.24 13:18:36;D. Вершина и интенсивы;munic74;Python 3.12.3;WA;0;0;0
129133515;05.12.24 13:18:17;C. Алина и числа;munic102;Python 3.12.3;RE;0;0;0
129133512;05.12.24 13:18:17;D. Вершина и интенсивы;munic85;C++20 (GCC 14.1);WA;0;0;0
129133483;05.12.24 13:18:02;C. Алина и числа;munic78;C++20 (GCC 14.1);WA;0;0;0
129133463;05.12.24 13:17:46;A. Туда сюда;munic80;Python 3.12.3;WA;40;35;4.4
129133439;05.12.24 13:17:33;C. Алина и числа;munic102;Python 3.12.3;CE;;0;0
129133401;05.12.24 13:17:13;D. Вершина и интенсивы;munic67;C++20 (GCC 14.1);WA;0;0;0
129133383;05.12.24 13:17:00;C. Алина и числа;munic102;Python 3.12.3;CE;;0;0
129133320;05.12.24 13:16:31;C. Алина и числа;munic65;C++20 (GCC 14.1);WA;0;0;0
129133292;05.12.24 13:16:16;C. Алина и числа;munic102;Python 3.12.3;CE;;0;0
129133268;05.12.24 13:16:02;C. Алина и числа;munic102;Python 3.12.3;CE;;0;0
129133223;05.12.24 13:15:38;E. Антоша и ITMO;munic74;C++20 (GCC 14.1);WA;0;0;0
129133167;05.12.24 13:15:03;C. Алина и числа;munic51;Python 3.12.3;WA;50;962;13.5
129133022;05.12.24 13:13:30;A. Туда сюда;munic80;Python 3.12.3;WA;40;35;4.4
129133006;05.12.24 13:13:23;D. Вершина и интенсивы;munic86;C++20 (GCC 14.1);WA;0;0;0
129132981;05.12.24 13:13:06;D. Вершина и интенсивы;munic66;C++20 (GCC 14.1);WA;0;0;0
129132912;05.12.24 13:12:19;C. Алина и числа;munic85;C++20 (GCC 14.1);OK;100;14;2.9
129132873;05.12.24 13:11:56;E. Антоша и ITMO;munic59;Python 3.12.3;WA;0;0;0
129132862;05.12.24 13:11:49;B. MaxSum;munic84;Python 3.12.3;IG;10;156;30.3
129132852;05.12.24 13:11:46;C. Алина и числа;munic51;Python 3.12.3;WA;50;136;13.5
129132825;05.12.24 13:11:32;E. Антоша и ITMO;munic59;Python 3.12.3;WA;0;0;0
129132778;05.12.24 13:11:09;D. Вершина и интенсивы;munic14;Python 3.12.3;RE;0;0;0
129132716;05.12.24 13:10:31;C. Алина и числа;munic54;C++20 (GCC 14.1);WA;0;0;0
129132700;05.12.24 13:10:22;C. Алина и числа;munic57;C++20 (GCC 14.1);TL;50;1090.0;2.4
129132668;05.12.24 13:10:10;B. MaxSum;munic84;Python 3.12.3;IG;0;0;0
129132663;05.12.24 13:10:07;C. Алина и числа;munic85;C++20 (GCC 14.1);WA;0;0;0
129132623;05.12.24 13:09:44;C. Алина и числа;munic54;C++20 (GCC 14.1);WA;0;0;0
129132591;05.12.24 13:09:27;E. Антоша и ITMO;munic59;Python 3.12.3;WA;0;0;0
129132578;05.12.24 13:09:18;C. Алина и числа;munic57;C++20 (GCC 14.1);RE;50;9;2.4
129132548;05.12.24 13:08:57;E. Антоша и ITMO;munic59;Python 3.12.3;WA;0;0;0
129132470;05.12.24 13:08:12;C. Алина и числа;munic51;Python 3.12.3;TL;0;0;0
129132405;05.12.24 13:07:40;D. Вершина и интенсивы;munic86;C++20 (GCC 14.1);WA;0;0;0
129132394;05.12.24 13:07:33;D. Вершина и интенсивы;munic60;C++20 (GCC 14.1);TL;40;1090.0;2.3
129132388;05.12.24 13:07:30;C. Алина и числа;munic54;C++20 (GCC 14.1);WA;0;0;0
129132364;05.12.24 13:07:16;A. Туда сюда;munic63;Python 3.12.3;RE;0;0;0
129132351;05.12.24 13:07:05;D. Вершина и интенсивы;munic67;C++20 (GCC 14.1);WA;0;0;0
129132316;05.12.24 13:06:46;A. Туда сюда;munic87;C++20 (GCC 14.1);WA;15;342;2.2
129132292;05.12.24 13:06:25;C. Алина и числа;munic85;C++20 (GCC 14.1);WA;0;0;0
129132248;05.12.24 13:05:59;C. Алина и числа;munic102;Python 3.12.3;RE;0;0;0
129132219;05.12.24 13:05:42;A. Туда сюда;munic63;Python 3.12.3;RE;0;0;0
129132203;05.12.24 13:05:33;D. Вершина и интенсивы;munic14;Python 3.12.3;RE;0;0;0
129132167;05.12.24 13:05:12;B. MaxSum;munic48;C++20 (GCC 14.1);OK;100;127;7.2
129132138;05.12.24 13:04:59;D. Вершина и интенсивы;munic14;Python 3.12.3;RE;0;0;0
129132117;05.12.24 13:04:46;D. Вершина и интенсивы;munic68;C++20 (GCC 14.1);OK;100;99;10.5
129132110;05.12.24 13:04:43;E. Антоша и ITMO;munic59;Python 3.12.3;WA;0;0;0
129132008;05.12.24 13:03:40;D. Вершина и интенсивы;munic67;C++20 (GCC 14.1);WA;0;0;0
129131947;05.12.24 13:03:02;C. Алина и числа;munic54;C++20 (GCC 14.1);WA;0;0;0
129131910;05.12.24 13:02:35;D. Вершина и интенсивы;munic16;Python 3.12.3;TL;18;1090.0;15.0
129131873;05.12.24 13:02:11;C. Алина и числа;munic74;C++20 (GCC 14.1);WA;0;0;0
129131695;05.12.24 13:00:22;C. Алина и числа;munic74;C++20 (GCC 14.1);WA;0;0;0
129131632;05.12.24 12:59:49;C. Алина и числа;munic74;C++20 (GCC 14.1);WA;0;0;0
129131616;05.12.24 12:59:40;C. Алина и числа;munic74;C++20 (GCC 14.1);WA;0;0;0
129131590;05.12.24 12:59:30;A. Туда сюда;munic80;Python 3.12.3;WA;40;35;4.4
129131530;05.12.24 12:58:56;C. Алина и числа;munic54;C++20 (GCC 14.1);WA;0;0;0
129131520;05.12.24 12:58:50;B. MaxSum;munic57;C++20 (GCC 14.1);WA;25;39;2.6
129131502;05.12.24 12:58:39;D. Вершина и интенсивы;munic59;Python 3.12.3;TL;40;1090.0;75.7
129131429;05.12.24 12:57:56;B. MaxSum;munic84;Python 3.12.3;IG;10;154;30.4
129131323;05.12.24 12:57:11;C. Алина и числа;munic86;C++20 (GCC 14.1);TL;50;1090.0;2.8
129131245;05.12.24 12:56:31;A. Туда сюда;munic80;Python 3.12.3;RE;0;0;0
129131237;05.12.24 12:56:26;D. Вершина и интенсивы;munic59;Python 3.12.3;WA;0;0;0
129131040;05.12.24 12:54:35;D. Вершина и интенсивы;munic111;Python 3.12.3;WA;0;0;0
129131010;05.12.24 12:54:15;D. Вершина и интенсивы;munic91;Python 3.12.3;TL;18;1090.0;14.1
129130998;05.12.24 12:54:08;D. Вершина и интенсивы;munic59;Python 3.12.3;WA;0;0;0
129130804;05.12.24 12:52:21;A. Туда сюда;munic63;Python 3.12.3;RE;0;0;0
129130796;05.12.24 12:52:19;C. Алина и числа;munic74;C++20 (GCC 14.1);WA;0;0;0
129130732;05.12.24 12:51:4602:21:46;C. Алина и числа;munic102;Python 3.12.3;RE;0;0;0
129130603;05.12.24 12:50:43;C. Алина и числа;munic74;C++20 (GCC 14.1);WA;0;0;0
129130599;05.12.24 12:50:40;C. Алина и числа;munic54;C++20 (GCC 14.1);WA;0;0;0
129130576;05.12.24 12:50:28;C. Алина и числа;munic54;C++20 (GCC 14.1);WA;0;0;0
129130574;05.12.24 12:50:25;C. Алина и числа;munic74;C++20 (GCC 14.1);WA;0;0;0
129130518;05.12.24 12:49:57;A. Туда сюда;munic65;C++20 (GCC 14.1);WA;15;165;2.1
129130413;05.12.24 12:48:58;D. Вершина и интенсивы;munic111;Python 3.12.3;WA;0;0;0
129130377;05.12.24 12:48:41;D. Вершина и интенсивы;munic59;Python 3.12.3;TL;40;1100.0;75.7
129130365;05.12.24 12:48:34;C. Алина и числа;munic54;C++20 (GCC 14.1);WA;0;0;0
129130337;05.12.24 12:48:22;B. MaxSum;munic51;Python 3.12.3;WA;25;151;30.4
129130320;05.12.24 12:48:13;E. Антоша и ITMO;munic18;Python 3.12.3;WA;0;0;0
129130275;05.12.24 12:47:50;A. Туда сюда;munic63;Python 3.12.3;WA;0;0;0
129130267;05.12.24 12:47:46;C. Алина и числа;munic75;C++20 (GCC 14.1);TL;50;1090.0;2.1
129130257;05.12.24 12:47:39;C. Алина и числа;munic27;Python 3.12.3;WA;0;0;0
129130171;05.12.24 12:46:51;D. Вершина и интенсивы;munic91;Python 3.12.3;TL;18;1090.0;15.4
129130154;05.12.24 12:46:42;D. Вершина и интенсивы;munic68;C++20 (GCC 14.1);TL;40;1090.0;2.4
129130049;05.12.24 12:45:49;B. MaxSum;munic57;C++20 (GCC 14.1);WA;25;39;2.5
129130016;05.12.24 12:45:28;C. Алина и числа;munic75;C++20 (GCC 14.1);WA;0;0;0
129130001;05.12.24 12:45:22;C. Алина и числа;munic102;Python 3.12.3;CE;;0;0
129129911;05.12.24 12:44:35;B. MaxSum;munic51;Python 3.12.3;RE;10;150;30.3
129129884;05.12.24 12:44:21;D. Вершина и интенсивы;munic91;Python 3.12.3;TL;18;1090.0;16.8
129129874;05.12.24 12:44:16;C. Алина и числа;munic54;C++20 (GCC 14.1);WA;0;0;0
129129868;05.12.24 12:44:11;C. Алина и числа;munic102;Python 3.12.3;CE;;0;0
129129739;05.12.24 12:42:57;D. Вершина и интенсивы;munic59;Python 3.12.3;WA;0;0;0
129129675;05.12.24 12:42:23;B. MaxSum;munic66;C++20 (GCC 14.1);WA;25;41;5.7
129129647;05.12.24 12:42:12;D. Вершина и интенсивы;munic79;Python 3.12.3;TL;18;1090.0;20.6
129129629;05.12.24 12:41:59;C. Алина и числа;munic54;C++20 (GCC 14.1);WA;0;0;0
129129576;05.12.24 12:41:27;B. MaxSum;munic57;C++20 (GCC 14.1);WA;25;51;3.0
129129527;05.12.24 12:40:56;D. Вершина и интенсивы;munic111;Python 3.12.3;WA;0;0;0
129129513;05.12.24 12:40:51;A. Туда сюда;munic80;Python 3.12.3;WA;0;0;0
129129477;05.12.24 12:40:30;C. Алина и числа;munic74;C++20 (GCC 14.1);WA;0;0;0
129129472;05.12.24 12:40:27;D. Вершина и интенсивы;munic69;Python 3.12.3;WA;0;0;0
129129457;05.12.24 12:40:11;C. Алина и числа;munic54;C++20 (GCC 14.1);WA;0;0;0
129129432;05.12.24 12:39:58;A. Туда сюда;munic80;Python 3.12.3;RE;0;0;0
129129399;05.12.24 12:39:40;D. Вершина и интенсивы;munic79;Python 3.12.3;TL;18;1090.0;20.6
129129344;05.12.24 12:39:05;C. Алина и числа;munic86;C++20 (GCC 14.1);WA;0;0;0
129129319;05.12.24 12:38:52;C. Алина и числа;munic64;C++20 (GCC 14.1);TL;50;1090.0;2.0
129129313;05.12.24 12:38:48;D. Вершина и интенсивы;munic91;Python 3.12.3;TL;18;1090.0;15.9
129129236;05.12.24 12:38:03;C. Алина и числа;munic54;C++20 (GCC 14.1);WA;0;0;0
129129233;05.12.24 12:38:00;D. Вершина и интенсивы;munic67;C++20 (GCC 14.1);WA;0;0;0
129129210;05.12.24 12:37:45;C. Алина и числа;munic86;C++20 (GCC 14.1);WA;0;0;0
129129206;05.12.24 12:37:41;C. Алина и числа;munic74;C++20 (GCC 14.1);WA;0;0;0
129129160;05.12.24 12:37:14;B. MaxSum;munic55;C++20 (GCC 14.1);WA;25;40;5.7
129129139;05.12.24 12:37:02;D. Вершина и интенсивы;munic85;Python 3.12.3;WA;0;0;0
129129023;05.12.24 12:36:03;A. Туда сюда;munic30;Python 3.12.3;TL;40;1090.0;4.3
129129017;05.12.24 12:36:01;B. MaxSum;munic55;C++20 (GCC 14.1);WA;25;40;5.7
129128993;05.12.24 12:35:44;D. Вершина и интенсивы;munic59;Python 3.12.3;WA;0;0;0
129128929;05.12.24 12:35:15;B. MaxSum;munic32;Python 3.12.3;RE;0;0;0
129128878;05.12.24 12:34:50;A. Туда сюда;munic30;Python 3.12.3;WA;0;0;0
129128865;05.12.24 12:34:42;C. Алина и числа;munic54;C++20 (GCC 14.1);WA;0;0;0
129128840;05.12.24 12:34:33;A. Туда сюда;munic80;Python 3.12.3;WA;0;0;0
129128799;05.12.24 12:34:12;A. Туда сюда;munic30;Python 3.12.3;WA;0;0;0
129128764;05.12.24 12:33:52;A. Туда сюда;munic80;Python 3.12.3;RE;0;0;0
129128712;05.12.24 12:33:23;A. Туда сюда;munic30;Python 3.12.3;TL;40;1090.0;4.4
129128598;05.12.24 12:32:19;A. Туда сюда;munic84;Python 3.12.3;OK;100;35;4.4
129128584;05.12.24 12:32:09;A. Туда сюда;munic30;Python 3.12.3;WA;0;0;0
129128567;05.12.24 12:31:58;A. Туда сюда;munic63;Python 3.12.3;WA;0;0;0
129128550;05.12.24 12:31:48;D. Вершина и интенсивы;munic73;Python 3.12.3;TL;40;1090.0;15.1
129128536;05.12.24 12:31:40;D. Вершина и интенсивы;munic85;Python 3.12.3;WA;0;0;0
129128530;05.12.24 12:31:36;B. MaxSum;munic57;C++20 (GCC 14.1);WA;25;39;2.5
129128488;05.12.24 12:31:13;A. Туда сюда;munic87;C++20 (GCC 14.1);WA;15;341;2.0
129128482;05.12.24 12:31:09;D. Вершина и интенсивы;munic69;Python 3.12.3;WA;0;0;0
129128452;05.12.24 12:30:51;C. Алина и числа;munic65;C++20 (GCC 14.1);WA;0;0;0
129128408;05.12.24 12:30:22;D. Вершина и интенсивы;munic59;Python 3.12.3;WA;0;0;0
129128369;05.12.24 12:29:58;C. Алина и числа;munic65;C++20 (GCC 14.1);CE;;0;0
129128358;05.12.24 12:29:51;D. Вершина и интенсивы;munic58;Python 3.12.3;IG;18;1090.0;28.4
129128283;05.12.24 12:29:20;A. Туда сюда;munic87;C++20 (GCC 14.1);CE;;0;0
129128237;05.12.24 12:28:59;C. Алина и числа;munic66;C++20 (GCC 14.1);TL;50;1090.0;3.0
129128231;05.12.24 12:28:55;A. Туда сюда;munic79;Python 3.12.3;OK;100;47;4.6
129128222;05.12.24 12:28:49;C. Алина и числа;munic68;C++20 (GCC 14.1);OK;100;77;2.0
129128210;05.12.24 12:28:46;D. Вершина и интенсивы;munic90;C++20 (GCC 14.1);TL;40;1090.0;2.5
129128205;05.12.24 12:28:43;A. Туда сюда;munic84;Python 3.12.3;TL;40;1090.0;4.6
129128160;05.12.24 12:28:20;C. Алина и числа;munic74;C++20 (GCC 14.1);WA;0;0;0
129128158;05.12.24 12:28:19;D. Вершина и интенсивы;munic55;C++20 (GCC 14.1);TL;40;1090.0;2.1
129128129;05.12.24 12:28:04;E. Антоша и ITMO;munic74;C++20 (GCC 14.1);WA;0;0;0
129128109;05.12.24 12:27:55;A. Туда сюда;munic30;Python 3.12.3;RE;0;0;0
129128092;05.12.24 12:27:48;E. Антоша и ITMO;munic48;C++20 (GCC 14.1);TL;20;796;6.3
129128081;05.12.24 12:27:41;C. Алина и числа;munic60;C++20 (GCC 14.1);TL;50;1090.0;3.3
129128048;05.12.24 12:27:22;C. Алина и числа;munic60;C++20 (GCC 14.1);WA;0;0;0
129128030;05.12.24 12:27:14;A. Туда сюда;munic30;Python 3.12.3;RE;0;0;0
129127926;05.12.24 12:26:19;C. Алина и числа;munic66;C++20 (GCC 14.1);WA;0;0;0
129127905;05.12.24 12:26:11;D. Вершина и интенсивы;munic58;Python 3.12.3;IG;0;0;0
129127865;05.12.24 12:25:50;B. MaxSum;munic75;C++20 (GCC 14.1);WA;25;199;2.8
129127793;05.12.24 12:25:06;C. Алина и числа;munic102;Python 3.12.3;RE;0;0;0
129127780;05.12.24 12:25:01;A. Туда сюда;munic30;Python 3.12.3;RE;0;0;0
129127754;05.12.24 12:24:47;D. Вершина и интенсивы;munic85;Python 3.12.3;WA;0;0;0
129127746;05.12.24 12:24:42;C. Алина и числа;munic74;C++20 (GCC 14.1);TL;50;1090.0;3.0
129127745;05.12.24 12:24:42;E. Антоша и ITMO;munic18;Python 3.12.3;WA;0;0;0
129127679;05.12.24 12:24:13;D. Вершина и интенсивы;munic69;Python 3.12.3;PE;0;0;0
129127666;05.12.24 12:24:05;A. Туда сюда;munic80;Python 3.12.3;RE;0;0;0
129127653;05.12.24 12:23:54;D. Вершина и интенсивы;munic16;Python 3.12.3;WA;0;0;0
129127536;05.12.24 12:22:54;C. Алина и числа;munic54;C++20 (GCC 14.1);WA;0;0;0
129127483;05.12.24 12:22:29;B. MaxSum;munic58;Python 3.12.3;WA;0;0;0
129127474;05.12.24 12:22:22;A. Туда сюда;munic84;Python 3.12.3;WA;0;0;0
129127450;05.12.24 12:22:09;A. Туда сюда;munic32;Python 3.12.3;PE;0;0;0
129127418;05.12.24 12:21:50;C. Алина и числа;munic102;Python 3.12.3;CE;;0;0
129127397;05.12.24 12:21:41;C. Алина и числа;munic60;C++20 (GCC 14.1);ML;0;0;0
129127385;05.12.24 12:21:32;C. Алина и числа;munic102;Python 3.12.3;CE;;0;0
129127384;05.12.24 12:21:31;D. Вершина и интенсивы;munic69;Python 3.12.3;WA;0;0;0
129127369;05.12.24 12:21:24;A. Туда сюда;munic63;Python 3.12.3;TL;40;1090.0;4.4
129127337;05.12.24 12:21:09;A. Туда сюда;munic87;C++20 (GCC 14.1);WA;15;342;2.1
129127308;05.12.24 12:20:55;B. MaxSum;munic71;C++20 (GCC 14.1);OK;100;269;3.6
129127289;05.12.24 12:20:45;D. Вершина и интенсивы;munic85;C++20 (GCC 14.1);WA;0;0;0
129127264;05.12.24 12:20:33;A. Туда сюда;munic63;Python 3.12.3;RE;0;0;0
129127247;05.12.24 12:20:23;D. Вершина и интенсивы;munic85;C++20 (GCC 14.1);WA;0;0;0
129127188;05.12.24 12:19:50;D. Вершина и интенсивы;munic85;C++20 (GCC 14.1);WA;0;0;0
129127182;05.12.24 12:19:47;D. Вершина и интенсивы;munic16;Python 3.12.3;PE;0;0;0
129127114;05.12.24 12:19:04;B. MaxSum;munic27;Python 3.12.3;PE;10;1090.0;27.6
129127074;05.12.24 12:18:44;E. Антоша и ITMO;munic48;C++20 (GCC 14.1);WA;0;0;0
129127067;05.12.24 12:18:40;B. MaxSum;munic27;Python 3.12.3;PE;10;1090.0;27.9
129127065;05.12.24 12:18:39;B. MaxSum;munic66;C++20 (GCC 14.1);RE;0;0;0
129127046;05.12.24 12:18:28;D. Вершина и интенсивы;munic58;Python 3.12.3;IG;18;1090.0;28.4
129126893;05.12.24 12:17:06;D. Вершина и интенсивы;munic85;C++20 (GCC 14.1);WA;0;0;0
129126889;05.12.24 12:17:03;C. Алина и числа;munic79;Python 3.12.3;TL;50;1090.0;15.1
129126887;05.12.24 12:17:02;B. MaxSum;munic112;C++20 (GCC 14.1);WA;25;687;5.7
129126871;05.12.24 12:16:51;A. Туда сюда;munic30;Python 3.12.3;RE;0;0;0
129126858;05.12.24 12:16:44;D. Вершина и интенсивы;munic85;C++20 (GCC 14.1);WA;0;0;0
129126766;05.12.24 12:15:53;A. Туда сюда;munic30;Python 3.12.3;RE;0;0;0
129126722;05.12.24 12:15:29;B. MaxSum;munic111;Python 3.12.3;TL;10;1090.0;4.4
129126709;05.12.24 12:15:19;D. Вершина и интенсивы;munic67;C++20 (GCC 14.1);WA;0;0;0
129126677;05.12.24 12:14:58;A. Туда сюда;munic87;C++20 (GCC 14.1);WA;15;342;2.0
129126592;05.12.24 12:14:10;C. Алина и числа;munic54;C++20 (GCC 14.1);WA;0;0;0
129126591;05.12.24 12:14:10;B. MaxSum;munic27;Python 3.12.3;WA;0;0;0
129126564;05.12.24 12:13:55;D. Вершина и интенсивы;munic85;C++20 (GCC 14.1);WA;0;0;0
129126528;05.12.24 12:13:35;B. MaxSum;munic59;Python 3.12.3;OK;100;545;97.1
129126523;05.12.24 12:13:32;D. Вершина и интенсивы;munic85;C++20 (GCC 14.1);RE;0;0;0
129126521;05.12.24 12:13:31;A. Туда сюда;munic84;Python 3.12.3;WA;0;0;0
129126467;05.12.24 12:12:59;E. Антоша и ITMO;munic18;Python 3.12.3;WA;0;0;0
129126456;05.12.24 12:12:55;E. Антоша и ITMO;munic58;Python 3.12.3;IG;20;764;87.9
129126407;05.12.24 12:12:31;E. Антоша и ITMO;munic18;Python 3.12.3;PE;0;0;0
129126339;05.12.24 12:11:58;B. MaxSum;munic63;Python 3.12.3;WA;25;357;4.4
129126226;05.12.24 12:11:00;B. MaxSum;munic59;Python 3.12.3;WA;55;381;82.3
129126049;05.12.24 12:09:35;E. Антоша и ITMO;munic58;Python 3.12.3;IG;0;0;0
129125971;05.12.24 12:09:03;B. MaxSum;munic59;Python 3.12.3;WA;0;0;0
129125944;05.12.24 12:08:53;C. Алина и числа;munic51;Python 3.12.3;WA;50;135;12.6
129125930;05.12.24 12:08:47;B. MaxSum;munic78;C++20 (GCC 14.1);OK;100;275;14.1
129125929;05.12.24 12:08:46;C. Алина и числа;munic16;Python 3.12.3;TL;50;1090.0;14.3
129125927;05.12.24 12:08:46;A. Туда сюда;munic32;Python 3.12.3;PE;0;0;0
129125918;05.12.24 12:08:42;D. Вершина и интенсивы;munic67;C++20 (GCC 14.1);WA;0;0;0
129125900;05.12.24 12:08:33;E. Антоша и ITMO;munic58;Python 3.12.3;IG;0;0;0
129125841;05.12.24 12:08:02;B. MaxSum;munic63;Python 3.12.3;WA;0;0;0
129125805;05.12.24 12:07:46;B. MaxSum;munic59;Python 3.12.3;CE;;0;0
129125767;05.12.24 12:07:31;E. Антоша и ITMO;munic34;Python 3.12.3;WA;0;0;0
129125742;05.12.24 12:07:22;D. Вершина и интенсивы;munic85;C++20 (GCC 14.1);WA;0;0;0
129125711;05.12.24 12:07:09;C. Алина и числа;munic86;C++20 (GCC 14.1);WA;0;0;0
129125651;05.12.24 12:06:47;C. Алина и числа;munic76;C++20 (GCC 14.1);TL;50;1090.0;2.9
129125642;05.12.24 12:06:43;B. MaxSum;munic57;C++20 (GCC 14.1);WA;25;38;2.4
129125592;05.12.24 12:06:21;B. MaxSum;munic67;C++20 (GCC 14.1);WA;10;2;2.1
129125566;05.12.24 12:06:08;C. Алина и числа;munic51;Python 3.12.3;WA;15;48;7.9
129125548;05.12.24 12:05:57;C. Алина и числа;munic76;C++20 (GCC 14.1);TL;50;1090.0;3.0
129125520;05.12.24 12:05:46;B. MaxSum;munic96;Python 3.12.3;WA;10;86;41.1
129125509;05.12.24 12:05:39;C. Алина и числа;munic73;Python 3.12.3;TL;50;1090.0;15.1
129125421;05.12.24 12:05:06;D. Вершина и интенсивы;munic85;C++20 (GCC 14.1);WA;0;0;0
129125412;05.12.24 12:05:02;B. MaxSum;munic59;Python 3.12.3;TL;25;1090.0;58.9
129125393;05.12.24 12:04:58;D. Вершина и интенсивы;munic85;C++20 (GCC 14.1);WA;0;0;0
129125382;05.12.24 12:04:50;B. MaxSum;munic96;Python 3.12.3;WA;0;0;0
129125380;05.12.24 12:04:49;B. MaxSum;munic64;C++20 (GCC 14.1);OK;100;265;7.2
129125280;05.12.24 12:04:02;A. Туда сюда;munic102;Python 3.12.3;OK;100;35;4.4
129125202;05.12.24 12:03:23;B. MaxSum;munic59;Python 3.12.3;TL;25;1090.0;59.0
129125181;05.12.24 12:03:13;D. Вершина и интенсивы;munic85;C++20 (GCC 14.1);WA;0;0;0
129125092;05.12.24 12:02:35;D. Вершина и интенсивы;munic85;C++20 (GCC 14.1);CE;;0;0
129125078;05.12.24 12:02:32;C. Алина и числа;munic65;C++20 (GCC 14.1);WA;0;0;0
129124994;05.12.24 12:01:54;E. Антоша и ITMO;munic29;Python 3.12.3;WA;0;0;0
129124992;05.12.24 12:01:54;B. MaxSum;munic112;C++20 (GCC 14.1);WA;25;643;5.7
129124983;05.12.24 12:01:46;B. MaxSum;munic57;C++20 (GCC 14.1);WA;10;39;2.4
129124942;05.12.24 12:01:27;C. Алина и числа;munic65;C++20 (GCC 14.1);CE;;0;0
129124930;05.12.24 12:01:23;C. Алина и числа;munic86;C++20 (GCC 14.1);WA;0;0;0
129124867;05.12.24 12:00:53;D. Вершина и интенсивы;munic88;Python 3.12.3;WA;0;0;0
129124866;05.12.24 12:00:52;B. MaxSum;munic64;C++20 (GCC 14.1);WA;0;0;0
129124732;05.12.24 11:59:48;D. Вершина и интенсивы;munic85;C++20 (GCC 14.1);WA;0;0;0
129124725;05.12.24 11:59:44;C. Алина и числа;munic68;C++20 (GCC 14.1);WA;0;0;0
129124683;05.12.24 11:59:25;C. Алина и числа;munic62;C++20 (GCC 14.1);TL;50;1090.0;2.1
129124682;05.12.24 11:59:25;B. MaxSum;munic16;Python 3.12.3;PE;0;0;0
129124665;05.12.24 11:59:16;D. Вершина и интенсивы;munic67;C++20 (GCC 14.1);WA;0;0;0
129124659;05.12.24 11:59:12;C. Алина и числа;munic65;C++20 (GCC 14.1);RE;0;0;0
129124626;05.12.24 11:58:54;C. Алина и числа;munic62;C++20 (GCC 14.1);TL;50;1090.0;2.9
129124625;05.12.24 11:58:53;B. MaxSum;munic63;Python 3.12.3;WA;0;0;0
129124610;05.12.24 11:58:46;D. Вершина и интенсивы;munic69;Python 3.12.3;RE;0;0;0
129124596;05.12.24 11:58:39;A. Туда сюда;munic96;Python 3.12.3;TL;40;1090.0;4.4
129124519;05.12.24 11:58:00;A. Туда сюда;munic111;Python 3.12.3;OK;100;35;4.4
129124498;05.12.24 11:57:54;B. MaxSum;munic58;Python 3.12.3;PE;0;0;0
129124473;05.12.24 11:57:44;D. Вершина и интенсивы;munic67;C++20 (GCC 14.1);WA;0;0;0
129124448;05.12.24 11:57:35;E. Антоша и ITMO;munic59;Python 3.12.3;WA;0;0;0
129124435;05.12.24 11:57:32;D. Вершина и интенсивы;munic85;C++20 (GCC 14.1);WA;0;0;0
129124395;05.12.24 11:57:12;E. Антоша и ITMO;munic48;C++20 (GCC 14.1);WA;0;0;0
129124375;05.12.24 11:57:01;E. Антоша и ITMO;munic59;Python 3.12.3;WA;0;0;0
129124350;05.12.24 11:56:49;E. Антоша и ITMO;munic76;C++20 (GCC 14.1);OK;100;231;17.5
129124343;05.12.24 11:56:46;A. Туда сюда;munic2;Python 3.12.3;TL;40;1090.0;4.4
129124303;05.12.24 11:56:26;D. Вершина и интенсивы;munic85;C++20 (GCC 14.1);WA;0;0;0
129124177;05.12.24 11:55:35;D. Вершина и интенсивы;munic90;C++20 (GCC 14.1);WA;0;0;0
129124156;05.12.24 11:55:26;D. Вершина и интенсивы;munic48;C++20 (GCC 14.1);TL;40;1090.0;2.2
129124122;05.12.24 11:55:11;D. Вершина и интенсивы;munic67;C++20 (GCC 14.1);WA;0;0;0
129124101;05.12.24 11:55:01;B. MaxSum;munic16;Python 3.12.3;PE;0;0;0
129124092;05.12.24 11:54:59;C. Алина и числа;munic68;C++20 (GCC 14.1);WA;50;31;2.0
129123991;05.12.24 11:54:09;D. Вершина и интенсивы;munic58;Python 3.12.3;IG;18;1090.0;28.4
129123892;05.12.24 11:53:21;C. Алина и числа;munic65;C++20 (GCC 14.1);RE;0;0;0
129123884;05.12.24 11:53:19;A. Туда сюда;munic111;Python 3.12.3;WA;0;0;0
129123853;05.12.24 11:53:03;D. Вершина и интенсивы;munic48;C++20 (GCC 14.1);CE;;0;0
129123844;05.12.24 11:52:59;C. Алина и числа;munic62;C++20 (GCC 14.1);TL;50;1090.0;3.0
129123804;05.12.24 11:52:39;C. Алина и числа;munic74;C++20 (GCC 14.1);WA;0;0;0
129123773;05.12.24 11:52:26;B. MaxSum;munic57;C++20 (GCC 14.1);WA;0;0;0
129123760;05.12.24 11:52:16;C. Алина и числа;munic74;C++20 (GCC 14.1);WA;0;0;0
129123739;05.12.24 11:52:09;D. Вершина и интенсивы;munic48;C++20 (GCC 14.1);CE;;0;0
129123718;05.12.24 11:51:59;A. Туда сюда;munic87;C++20 (GCC 14.1);WA;15;445;2.0
129123669;05.12.24 11:51:36;A. Туда сюда;munic96;Python 3.12.3;WA;0;0;0
129123666;05.12.24 11:51:36;A. Туда сюда;munic87;C# (.NET 8.0);CE;;0;0
129123621;05.12.24 11:51:12;C. Алина и числа;munic62;C++20 (GCC 14.1);TL;50;1090.0;2.1
129123540;05.12.24 11:50:39;E. Антоша и ITMO;munic85;C++20 (GCC 14.1);OK;100;81;15.7
129123530;05.12.24 11:50:36;B. MaxSum;munic14;Python 3.12.3;PE;0;0;0
129123479;05.12.24 11:50:07;E. Антоша и ITMO;munic59;Python 3.12.3;WA;0;0;0
129123451;05.12.24 11:49:54;E. Антоша и ITMO;munic85;C++20 (GCC 14.1);WA;20;116;9.8
129123439;05.12.24 11:49:48;B. MaxSum;munic78;C++20 (GCC 14.1);WA;0;0;0
129123430;05.12.24 11:49:45;B. MaxSum;munic55;C++20 (GCC 14.1);WA;25;41;5.7
129123409;05.12.24 11:49:35;A. Туда сюда;munic111;Python 3.12.3;WA;0;0;0
129123378;05.12.24 11:49:22;D. Вершина и интенсивы;munic90;C++20 (GCC 14.1);WA;0;0;0
129123374;05.12.24 11:49:21;A. Туда сюда;munic30;Python 3.12.3;RE;0;0;0
129123337;05.12.24 11:49:03;E. Антоша и ITMO;munic59;Python 3.12.3;WA;0;0;0
129123311;05.12.24 11:48:53;C. Алина и числа;munic65;C++20 (GCC 14.1);WA;0;0;0
129123310;05.12.24 11:48:53;A. Туда сюда;munic111;Python 3.12.3;WA;0;0;0
129123253;05.12.24 11:48:24;A. Туда сюда;munic35;Python 3.12.3;RE;0;0;0
129123211;05.12.24 11:48:06;D. Вершина и интенсивы;munic58;Python 3.12.3;IG;18;1090.0;23.6
129123208;05.12.24 11:48:05;B. MaxSum;munic112;C++20 (GCC 14.1);WA;10;153;5.5
129123143;05.12.24 11:47:33;B. MaxSum;munic14;Python 3.12.3;PE;0;0;0
129123118;05.12.24 11:47:24;C. Алина и числа;munic68;C++20 (GCC 14.1);WA;0;0;0
129123055;05.12.24 11:47:05;B. MaxSum;munic91;Python 3.12.3;OK;100;573;39.5
129122963;05.12.24 11:46:32;A. Туда сюда;munic26;Python 3.12.3;OK;100;35;4.4
129122901;05.12.24 11:46:02;E. Антоша и ITMO;munic59;Python 3.12.3;ML;0;0;0
129122811;05.12.24 11:45:24;A. Туда сюда;munic111;Python 3.12.3;WA;0;0;0
129122791;05.12.24 11:45:14;B. MaxSum;munic91;Python 3.12.3;PE;10;450;32.1
129122778;05.12.24 11:45:08;B. MaxSum;munic96;Python 3.12.3;WA;0;0;0
129122774;05.12.24 11:45:07;A. Туда сюда;munic30;Python 3.12.3;RE;0;0;0
129122750;05.12.24 11:44:58;B. MaxSum;munic88;Python 3.12.3;PE;25;1090.0;64.8
129122746;05.12.24 11:44:55;B. MaxSum;munic50;C# (.NET 8.0);CE;;0;0
129122742;05.12.24 11:44:53;E. Антоша и ITMO;munic58;Python 3.12.3;IG;20;761;84.9
129122735;05.12.24 11:44:51;B. MaxSum;munic96;Python 3.12.3;RE;0;0;0
129122702;05.12.24 11:44:39;C. Алина и числа;munic50;C# (.NET 8.0);CE;;0;0
129122695;05.12.24 11:44:36;B. MaxSum;munic73;Python 3.12.3;OK;100;429;42.4
129122677;05.12.24 11:44:28;D. Вершина и интенсивы;munic90;C++20 (GCC 14.1);WA;0;0;0
129122659;05.12.24 11:44:21;E. Антоша и ITMO;munic93;C# (.NET 8.0);CE;;0;0
129122643;05.12.24 11:44:16;A. Туда сюда;munic80;Python 3.12.3;RE;0;0;0
129122629;05.12.24 11:44:10;D. Вершина и интенсивы;munic93;C# (.NET 8.0);CE;;0;0
129122616;05.12.24 11:44:03;C. Алина и числа;munic93;C# (.NET 8.0);CE;;0;0
129122592;05.12.24 11:43:52;B. MaxSum;munic93;C# (.NET 8.0);CE;;0;0
129122580;05.12.24 11:43:50;E. Антоша и ITMO;munic61;C# (.NET 8.0);CE;;0;0
129122541;05.12.24 11:43:36;A. Туда сюда;munic93;C# (.NET 8.0);CE;;0;0
129122540;05.12.24 11:43:36;D. Вершина и интенсивы;munic61;C# (.NET 8.0);CE;;0;0
129122537;05.12.24 11:43:34;A. Туда сюда;munic30;Python 3.12.3;RE;0;0;0
129122495;05.12.24 11:43:20;E. Антоша и ITMO;munic85;C++20 (GCC 14.1);ML;0;0;0
129122465;05.12.24 11:43:07;C. Алина и числа;munic61;C# (.NET 8.0);CE;;0;0
129122457;05.12.24 11:43:05;E. Антоша и ITMO;munic85;C++20 (GCC 14.1);CE;;0;0
129122440;05.12.24 11:42:56;A. Туда сюда;munic80;Python 3.12.3;WA;0;0;0
129122438;05.12.24 11:42:55;D. Вершина и интенсивы;munic90;C++20 (GCC 14.1);WA;0;0;0
129122423;05.12.24 11:42:51;B. MaxSum;munic61;C# (.NET 8.0);CE;;0;0
129122381;05.12.24 11:42:34;A. Туда сюда;munic61;C# (.NET 8.0);CE;;0;0
129122264;05.12.24 11:41:46;D. Вершина и интенсивы;munic74;Python 3.12.3;WA;0;0;0
129122238;05.12.24 11:41:37;C. Алина и числа;munic29;Python 3.12.3;RE;0;0;0
129122200;05.12.24 11:41:14;D. Вершина и интенсивы;munic64;C++20 (GCC 14.1);WA;0;0;0
129122184;05.12.24 11:41:08;B. MaxSum;munic111;Python 3.12.3;WA;0;0;0
129122123;05.12.24 11:40:45;E. Антоша и ITMO;munic85;C++20 (GCC 14.1);WA;0;0;0
129122114;05.12.24 11:40:41;D. Вершина и интенсивы;munic90;C++20 (GCC 14.1);WA;0;0;0
129122098;05.12.24 11:40:33;B. MaxSum;munic88;Python 3.12.3;RE;10;220;54.8
129122069;05.12.24 11:40:23;C. Алина и числа;munic68;C++20 (GCC 14.1);WA;0;0;0
129122060;05.12.24 11:40:19;B. MaxSum;munic107;Python 3.12.3;WA;0;0;0
129122045;05.12.24 11:40:13;D. Вершина и интенсивы;munic59;Python 3.12.3;WA;0;0;0
129121998;05.12.24 11:39:57;C. Алина и числа;munic29;Python 3.12.3;RE;0;0;0
129121980;05.12.24 11:39:51;E. Антоша и ITMO;munic85;C++20 (GCC 14.1);CE;;0;0
129121907;05.12.24 11:39:14;B. MaxSum;munic57;C++20 (GCC 14.1);WA;0;0;0
129121895;05.12.24 11:39:10;B. MaxSum;munic107;Python 3.12.3;WA;0;0;0
129121882;05.12.24 11:39:02;B. MaxSum;munic34;Python 3.12.3;WA;0;0;0
129121876;05.12.24 11:38:59;B. MaxSum;munic75;C++20 (GCC 14.1);WA;0;0;0
129121871;05.12.24 11:38:58;A. Туда сюда;munic6;Python 3.12.3;RE;0;0;0
129121841;05.12.24 11:38:41;C. Алина и числа;munic66;C++20 (GCC 14.1);TL;50;1090.0;2.8
129121802;05.12.24 11:38:26;B. MaxSum;munic48;C++20 (GCC 14.1);WA;25;51;3.0
129121780;05.12.24 11:38:16;A. Туда сюда;munic102;Python 3.12.3;OK;100;35;4.4
129121738;05.12.24 11:37:55;B. MaxSum;munic48;C++20 (GCC 14.1);WA;0;0;0
129121725;05.12.24 11:37:49;A. Туда сюда;munic102;Python 3.12.3;OK;100;35;4.4
129121678;05.12.24 11:37:31;D. Вершина и интенсивы;munic63;Python 3.12.3;WA;0;0;0
129121653;05.12.24 11:37:21;A. Туда сюда;munic71;Python 3.12.3;OK;100;46;4.6
129121633;05.12.24 11:37:14;B. MaxSum;munic73;Python 3.12.3;WA;55;343;34.9
129121533;05.12.24 11:36:26;A. Туда сюда;munic80;Python 3.12.3;RE;0;0;0
129121485;05.12.24 11:36:07;D. Вершина и интенсивы;munic59;Python 3.12.3;WA;0;0;0
129121466;05.12.24 11:36:00;D. Вершина и интенсивы;munic74;Python 3.12.3;WA;0;0;0
129121447;05.12.24 11:35:54;C. Алина и числа;munic112;C++20 (GCC 14.1);TL;50;1090.0;2.1
129121433;05.12.24 11:35:48;A. Туда сюда;munic35;Python 3.12.3;RE;0;0;0
129121430;05.12.24 11:35:46;B. MaxSum;munic48;C++20 (GCC 14.1);WA;0;0;0
129121417;05.12.24 11:35:39;A. Туда сюда;munic102;Python 3.12.3;TL;40;1090.0;4.4
129121248;05.12.24 11:34:37;A. Туда сюда;munic49;Python 3.12.3;RE;0;0;0
129121220;05.12.24 11:34:26;B. MaxSum;munic111;Python 3.12.3;WA;0;0;0
129121102;05.12.24 11:33:34;D. Вершина и интенсивы;munic76;C++20 (GCC 14.1);OK;100;25;4.6
129121044;05.12.24 11:33:11;A. Туда сюда;munic102;Python 3.12.3;RE;0;0;0
129121019;05.12.24 11:32:58;A. Туда сюда;munic35;Python 3.12.3;RE;0;0;0
129120935;05.12.24 11:32:22;C. Алина и числа;munic79;Python 3.12.3;WA;0;0;0
129120924;05.12.24 11:32:17;A. Туда сюда;munic26;Python 3.12.3;WA;0;0;0
129120906;05.12.24 11:32:08;A. Туда сюда;munic9;Python 3.12.3;RE;0;0;0
129120832;05.12.24 11:31:40;A. Туда сюда;munic35;Python 3.12.3;RE;0;0;0
129120789;05.12.24 11:31:21;E. Антоша и ITMO;munic19;Java 21 (Temurin JDK);CE;;0;0
129120765;05.12.24 11:31:08;A. Туда сюда;munic102;Python 3.12.3;TL;40;1090.0;4.4
129120758;05.12.24 11:31:07;B. MaxSum;munic88;Python 3.12.3;WA;25;150;30.3
129120717;05.12.24 11:30:50;C. Алина и числа;munic74;C++20 (GCC 14.1);TL;50;1090.0;2.9
129120701;05.12.24 11:30:45;A. Туда сюда;munic53;Python 3.12.3;TL;40;1090.0;4.4
129120630;05.12.24 11:30:16;C. Алина и числа;munic74;C++20 (GCC 14.1);WA;0;0;0
129120616;05.12.24 11:30:11;B. MaxSum;munic51;Python 3.12.3;WA;25;151;30.4
129120541;05.12.24 11:29:39;D. Вершина и интенсивы;munic91;Python 3.12.3;TL;18;1090.0;14.6
129120504;05.12.24 11:29:26;A. Туда сюда;munic7;Python 3.12.3;RE;0;0;0
129120500;05.12.24 11:29:24;C. Алина и числа;munic62;C++20 (GCC 14.1);WA;0;0;0
129120431;05.12.24 11:28:55;A. Туда сюда;munic35;Python 3.12.3;RE;0;0;0
129120378;05.12.24 11:28:31;C. Алина и числа;munic112;C++20 (GCC 14.1);WA;0;0;0
129120372;05.12.24 11:28:29;B. MaxSum;munic96;Python 3.12.3;WA;10;88;40.5
129120364;05.12.24 11:28:26;A. Туда сюда;munic8;Python 3.12.3;RE;0;0;0
129120335;05.12.24 11:28:14;A. Туда сюда;munic53;Python 3.12.3;TL;40;1090.0;4.4
129120320;05.12.24 11:28:06;D. Вершина и интенсивы;munic18;Python 3.12.3;TL;18;1090.0;15.0
129120174;05.12.24 11:27:14;A. Туда сюда;munic67;C++20 (GCC 14.1);OK;100;3;2.2
129120169;05.12.24 11:27:12;A. Туда сюда;munic102;Python 3.12.3;CE;;0;0
129120164;05.12.24 11:27:12;D. Вершина и интенсивы;munic25;Python 3.12.3;RE;0;0;0
129120134;05.12.24 11:27:01;C. Алина и числа;munic25;Python 3.12.3;RE;0;0;0
129120115;05.12.24 11:26:54;B. MaxSum;munic48;C++20 (GCC 14.1);WA;25;37;3.0
129120105;05.12.24 11:26:50;B. MaxSum;munic25;Python 3.12.3;RE;0;0;0
129120040;05.12.24 11:26:25;A. Туда сюда;munic28;Python 3.12.3;WA;0;0;0
129120014;05.12.24 11:26:15;B. MaxSum;munic9;Python 3.12.3;CE;;0;0
129120013;05.12.24 11:26:14;B. MaxSum;munic68;C++20 (GCC 14.1);OK;100;281;14.0
129120010;05.12.24 11:26:13;B. MaxSum;munic26;Python 3.12.3;RE;0;0;0
129119995;05.12.24 11:26:08;C. Алина и числа;munic59;Python 3.12.3;TL;50;1090.0;18.6
129119992;05.12.24 11:26:06;C. Алина и числа;munic55;C++20 (GCC 14.1);TL;50;1090.0;2.9
129119986;05.12.24 11:26:04;C. Алина и числа;munic74;C++20 (GCC 14.1);WA;0;0;0
129119974;05.12.24 11:26:00;D. Вершина и интенсивы;munic91;Python 3.12.3;TL;18;1090.0;14.7
129119970;05.12.24 11:25:58;D. Вершина и интенсивы;munic29;Python 3.12.3;RE;0;0;0
129119918;05.12.24 11:25:38;A. Туда сюда;munic10;Python 3.12.3;RE;0;0;0
129119797;05.12.24 11:24:51;C. Алина и числа;munic59;Python 3.12.3;WA;0;0;0
129119795;05.12.24 11:24:48;D. Вершина и интенсивы;munic3;C# (.NET 8.0);CE;;0;0
129119758;05.12.24 11:24:32;D. Вершина и интенсивы;munic29;Python 3.12.3;RE;0;0;0
129119720;05.12.24 11:24:16;C. Алина и числа;munic23;Python 3.12.3;IG;50;1090.0;12.0
129119694;05.12.24 11:24:07;E. Антоша и ITMO;munic109;Python 3.12.3;IG;20;749;37.6
129119659;05.12.24 11:23:53;A. Туда сюда;munic67;C++20 (GCC 14.1);WA;15;342;2.1
129119601;05.12.24 11:23:28;B. MaxSum;munic68;C++20 (GCC 14.1);WA;25;229;11.2
129119516;05.12.24 11:22:50;A. Туда сюда;munic28;Python 3.12.3;WA;0;0;0
129119501;05.12.24 11:22:45;B. MaxSum;munic20;Python 3.12.3;PE;0;0;0
129119498;05.12.24 11:22:42;A. Туда сюда;munic71;Python 3.12.3;WA;0;0;0
129119488;05.12.24 11:22:39;A. Туда сюда;munic111;Python 3.12.3;TL;40;1090.0;4.8
129119466;05.12.24 11:22:30;B. MaxSum;munic75;C++20 (GCC 14.1);WA;0;0;0
129119451;05.12.24 11:22:27;E. Антоша и ITMO;munic4;C# (.NET 8.0);CE;;0;0
129119448;05.12.24 11:22:26;C. Алина и числа;munic20;Python 3.12.3;WA;0;0;0
129119403;05.12.24 11:22:10;C. Алина и числа;munic19;Java 21 (Temurin JDK);WA;0;0;0
129119393;05.12.24 11:22:07;A. Туда сюда;munic35;Python 3.12.3;RE;0;0;0
129119381;05.12.24 11:22:03;D. Вершина и интенсивы;munic20;Python 3.12.3;WA;0;0;0
129119379;05.12.24 11:22:02;C. Алина и числа;munic74;C++20 (GCC 14.1);WA;0;0;0
129119365;05.12.24 11:21:59;B. MaxSum;munic59;Python 3.12.3;PE;0;0;0
129119302;05.12.24 11:21:38;B. MaxSum;munic78;C++20 (GCC 14.1);WA;0;0;0
129119272;05.12.24 11:21:28;A. Туда сюда;munic9;Python 3.12.3;CE;;0;0
129119235;05.12.24 11:21:16;B. MaxSum;munic86;C++20 (GCC 14.1);OK;100;126;7.3
129119216;05.12.24 11:21:09;B. MaxSum;munic58;Python 3.12.3;WA;0;0;0
129119191;05.12.24 11:20:58;C. Алина и числа;munic3;C# (.NET 8.0);CE;;0;0
129119167;05.12.24 11:20:48;E. Антоша и ITMO;munic20;Python 3.12.3;CE;;0;0
129119143;05.12.24 11:20:39;C. Алина и числа;munic111;Python 3.12.3;TL;50;1090.0;13.5
129119037;05.12.24 11:19:55;A. Туда сюда;munic10;Python 3.12.3;CE;;0;0
129119028;05.12.24 11:19:52;A. Туда сюда;munic14;Python 3.12.3;TL;40;1090.0;4.4
129118987;05.12.24 11:19:35;A. Туда сюда;munic102;Python 3.12.3;RE;0;0;0
129118955;05.12.24 11:19:24;B. MaxSum;munic59;Python 3.12.3;PE;0;0;0
129118954;05.12.24 11:19:24;D. Вершина и интенсивы;munic42;C++20 (GCC 14.1);WA;0;0;0
129118944;05.12.24 11:19:20;B. MaxSum;munic23;Python 3.12.3;WA;0;0;0
129118933;05.12.24 11:19:16;A. Туда сюда;munic101;Python 3.12.3;TL;40;1090.0;4.4
129118929;05.12.24 11:19:14;A. Туда сюда;munic15;C# (.NET 8.0);WA;0;0;0
129118879;05.12.24 11:18:51;D. Вершина и интенсивы;munic109;Python 3.12.3;CE;;0;0
129118871;05.12.24 11:18:48;A. Туда сюда;munic102;Python 3.12.3;RE;0;0;0
129118834;05.12.24 11:18:31;A. Туда сюда;munic53;Python 3.12.3;RE;0;0;0
129118816;05.12.24 11:18:25;C. Алина и числа;munic19;Python 3.12.3;WA;0;0;0
129118770;05.12.24 11:18:09;D. Вершина и интенсивы;munic109;Python 3.12.3;WA;0;0;0
129118729;05.12.24 11:17:56;A. Туда сюда;munic15;C# (.NET 8.0);CE;;0;0
129118650;05.12.24 11:17:24;C. Алина и числа;munic42;C++20 (GCC 14.1);IG;50;1090.0;2.0
129118633;05.12.24 11:17:17;D. Вершина и интенсивы;munic109;Python 3.12.3;RE;0;0;0
129118617;05.12.24 11:17:13;A. Туда сюда;munic35;Python 3.12.3;RE;0;0;0
129118588;05.12.24 11:17:04;D. Вершина и интенсивы;munic4;C# (.NET 8.0);CE;;0;0
129118566;05.12.24 11:16:56;E. Антоша и ITMO;munic37;Python 3.12.3;WA;0;0;0
129118561;05.12.24 11:16:55;E. Антоша и ITMO;munic39;Python 3.12.3;PE;0;0;0
129118527;05.12.24 11:16:44;A. Туда сюда;munic51;Python 3.12.3;OK;100;35;4.4
129118519;05.12.24 11:16:41;B. MaxSum;munic64;C++20 (GCC 14.1);WA;0;0;0
129118514;05.12.24 11:16:39;A. Туда сюда;munic30;Python 3.12.3;RE;0;0;0
129118489;05.12.24 11:16:30;E. Антоша и ITMO;munic36;Python 3.12.3;RE;0;0;0
129118459;05.12.24 11:16:22;C. Алина и числа;munic18;Python 3.12.3;TL;50;1090.0;15.3
129118457;05.12.24 11:16:21;D. Вершина и интенсивы;munic15;C# (.NET 8.0);WA;0;0;0
129118441;05.12.24 11:16:12;A. Туда сюда;munic14;Python 3.12.3;WA;0;0;0
129118405;05.12.24 11:15:59;D. Вершина и интенсивы;munic15;C# (.NET 8.0);CE;;0;0
129118296;05.12.24 11:15:21;A. Туда сюда;munic26;Python 3.12.3;WA;0;0;0
129118260;05.12.24 11:15:05;D. Вершина и интенсивы;munic39;Python 3.12.3;PE;0;0;0
129118259;05.12.24 11:15:04;A. Туда сюда;munic2;Python 3.12.3;RE;0;0;0
129118253;05.12.24 11:15:02;A. Туда сюда;munic23;Python 3.12.3;TL;40;1090.0;4.4
129118230;05.12.24 11:14:53;A. Туда сюда;munic26;Python 3.12.3;CE;;0;0
129118217;05.12.24 11:14:47;B. MaxSum;munic59;Python 3.12.3;WA;10;1100.0;179.6
129118214;05.12.24 11:14:47;B. MaxSum;munic4;C# (.NET 8.0);CE;;0;0
129118160;05.12.24 11:14:27;E. Антоша и ITMO;munic46;Python 3.12.3;PE;0;0;0
129118151;05.12.24 11:14:23;A. Туда сюда;munic109;Python 3.12.3;CE;;0;0
129118145;05.12.24 11:14:20;A. Туда сюда;munic23;Python 3.12.3;WA;0;0;0
129118138;05.12.24 11:14:18;B. MaxSum;munic71;C++20 (GCC 14.1);WA;25;147;2.1
129118105;05.12.24 11:14:04;B. MaxSum;munic86;C++20 (GCC 14.1);WA;0;0;0
129118104;05.12.24 11:14:02;C. Алина и числа;munic4;C# (.NET 8.0);CE;;0;0
129118101;05.12.24 11:14:01;A. Туда сюда;munic35;Python 3.12.3;RE;0;0;0
129118088;05.12.24 11:13:58;C. Алина и числа;munic76;C++20 (GCC 14.1);OK;100;14;2.9
129118062;05.12.24 11:13:47;C. Алина и числа;munic37;Python 3.12.3;CE;;0;0
129118051;05.12.24 11:13:44;A. Туда сюда;munic51;Python 3.12.3;WA;0;0;0
129118018;05.12.24 11:13:33;B. MaxSum;munic42;C++20 (GCC 14.1);WA;0;0;0
129117930;05.12.24 11:12:54;C. Алина и числа;munic58;C++20 (GCC 14.1);IG;50;1090.0;2.5
129117926;05.12.24 11:12:51;A. Туда сюда;munic80;Python 3.12.3;RE;0;0;0
129117908;05.12.24 11:12:44;C. Алина и числа;munic39;Python 3.12.3;RE;0;0;0
129117901;05.12.24 11:12:42;C. Алина и числа;munic88;Python 3.12.3;TL;50;1090.0;13.4
129117886;05.12.24 11:12:38;B. MaxSum;munic28;Python 3.12.3;WA;0;0;0
129117835;05.12.24 11:12:21;A. Туда сюда;munic10;Python 3.12.3;RE;0;0;0
129117833;05.12.24 11:12:19;C. Алина и числа;munic91;Python 3.12.3;TL;50;1090.0;15.1
129117816;05.12.24 11:12:15;C. Алина и числа;munic88;Python 3.12.3;CE;;0;0
129117782;05.12.24 11:12:04;C. Алина и числа;munic37;Python 3.12.3;WA;0;0;0
129117777;05.12.24 11:12:02;B. MaxSum;munic109;Python 3.12.3;CE;;0;0
129117741;05.12.24 11:11:52;D. Вершина и интенсивы;munic36;Python 3.12.3;WA;0;0;0
129117736;05.12.24 11:11:48;C. Алина и числа;munic29;Python 3.12.3;RE;0;0;0
129117731;05.12.24 11:11:46;B. MaxSum;munic68;C++20 (GCC 14.1);WA;25;223;11.2
129117710;05.12.24 11:11:40;B. MaxSum;munic96;Python 3.12.3;RE;0;0;0
129117707;05.12.24 11:11:39;B. MaxSum;munic109;Python 3.12.3;CE;;0;0
129117682;05.12.24 11:11:34;A. Туда сюда;munic2;Python 3.12.3;RE;0;0;0
129117676;05.12.24 11:11:33;E. Антоша и ITMO;munic46;Python 3.12.3;PE;0;0;0
129117671;05.12.24 11:11:32;B. MaxSum;munic39;Python 3.12.3;RE;0;0;0
129117635;05.12.24 11:11:21;B. MaxSum;munic60;C++20 (GCC 14.1);OK;100;131;14.1
129117624;05.12.24 11:11:18;B. MaxSum;munic86;C++20 (GCC 14.1);WA;0;0;0
129117623;05.12.24 11:11:17;D. Вершина и интенсивы;munic45;Python 3.12.3;WA;0;0;0
129117595;05.12.24 11:11:07;C. Алина и числа;munic19;Python 3.12.3;WA;0;0;0
129117576;05.12.24 11:11:00;A. Туда сюда;munic20;Python 3.12.3;CE;;0;0
129117562;05.12.24 11:10:57;A. Туда сюда;munic2;Python 3.12.3;CE;;0;0
129117560;05.12.24 11:10:56;A. Туда сюда;munic42;C++20 (GCC 14.1);WA;0;0;0
129117559;05.12.24 11:10:56;C. Алина и числа;munic29;Python 3.12.3;CE;;0;0
129117538;05.12.24 11:10:49;A. Туда сюда;munic14;Python 3.12.3;WA;0;0;0
129117524;05.12.24 11:10:43;D. Вершина и интенсивы;munic37;Python 3.12.3;PE;0;0;0
129117518;05.12.24 11:10:41;A. Туда сюда;munic102;Python 3.12.3;RE;0;0;0
129117504;05.12.24 11:10:36;A. Туда сюда;munic3;C# (.NET 8.0);CE;;0;0
129117500;05.12.24 11:10:35;B. MaxSum;munic67;C++20 (GCC 14.1);TL;0;0;0
129117465;05.12.24 11:10:25;A. Туда сюда;munic102;Python 3.12.3;RE;0;0;0
129117462;05.12.24 11:10:24;B. MaxSum;munic59;Python 3.12.3;WA;25;1100.0;155.9
129117435;05.12.24 11:10:15;C. Алина и числа;munic58;Python 3.12.3;IG;50;1090.0;11.7
129117411;05.12.24 11:10:05;A. Туда сюда;munic25;Python 3.12.3;WA;0;0;0
129117355;05.12.24 11:09:45;E. Антоша и ITMO;munic3;C# (.NET 8.0);CE;;0;0
129117325;05.12.24 11:09:38;C. Алина и числа;munic36;Python 3.12.3;PE;0;0;0
129117320;05.12.24 11:09:37;B. MaxSum;munic68;C++20 (GCC 14.1);WA;0;0;0
129117241;05.12.24 11:09:08;D. Вершина и интенсивы;munic37;Python 3.12.3;PE;0;0;0
129117217;05.12.24 11:08:59;A. Туда сюда;munic14;Python 3.12.3;CE;;0;0
129117205;05.12.24 11:08:55;A. Туда сюда;munic23;Python 3.12.3;TL;40;1090.0;4.4
129117204;05.12.24 11:08:55;C. Алина и числа;munic19;Python 3.12.3;WA;0;0;0
129117200;05.12.24 11:08:55;B. MaxSum;munic46;Python 3.12.3;WA;0;0;0
129117145;05.12.24 11:08:36;D. Вершина и интенсивы;munic21;Python 3.12.3;CE;;0;0
129117144;05.12.24 11:08:36;C. Алина и числа;munic48;C++20 (GCC 14.1);TL;50;1090.0;2.8
129117130;05.12.24 11:08:31;B. MaxSum;munic85;C++20 (GCC 14.1);OK;100;146;15.6
129117058;05.12.24 11:08:11;A. Туда сюда;munic43;C# (.NET 8.0);CE;;0;0
129117014;05.12.24 11:07:57;A. Туда сюда;munic14;Python 3.12.3;CE;;0;0
129116989;05.12.24 11:07:50;C. Алина и числа;munic48;C++20 (GCC 14.1);RE;50;9;2.5
129116958;05.12.24 11:07:43;E. Антоша и ITMO;munic84;Python 3.12.3;IG;0;0;0
129116950;05.12.24 11:07:41;A. Туда сюда;munic80;Python 3.12.3;RE;0;0;0
129116947;05.12.24 11:07:40;C. Алина и числа;munic21;Python 3.12.3;CE;;0;0
129116944;05.12.24 11:07:39;D. Вершина и интенсивы;munic43;C# (.NET 8.0);CE;;0;0
129116915;05.12.24 11:07:30;C. Алина и числа;munic36;C++20 (GCC 14.1);CE;;0;0
129116891;05.12.24 11:07:23;A. Туда сюда;munic46;Python 3.12.3;PE;0;0;0
129116872;05.12.24 11:07:12;C. Алина и числа;munic58;Python 3.12.3;IG;50;1090.0;13.6
129116851;05.12.24 11:07:06;C. Алина и числа;munic29;Python 3.12.3;CE;;0;0
129116842;05.12.24 11:07:03;E. Антоша и ITMO;munic43;C# (.NET 8.0);CE;;0;0
129116839;05.12.24 11:07:02;B. MaxSum;munic85;C++20 (GCC 14.1);WA;55;116;14.4
129116814;05.12.24 11:06:54;B. MaxSum;munic21;Python 3.12.3;WA;0;0;0
129116772;05.12.24 11:06:36;D. Вершина и интенсивы;munic37;Python 3.12.3;PE;0;0;0
129116770;05.12.24 11:06:36;D. Вершина и интенсивы;munic84;Python 3.12.3;IG;0;0;0
129116741;05.12.24 11:06:29;A. Туда сюда;munic25;Python 3.12.3;WA;0;0;0
129116726;05.12.24 11:06:25;A. Туда сюда;munic14;Python 3.12.3;WA;0;0;0
129116651;05.12.24 11:06:01;B. MaxSum;munic79;Python 3.12.3;WA;25;321;30.3
129116644;05.12.24 11:05:59;E. Антоша и ITMO;munic21;Python 3.12.3;PE;0;0;0
129116622;05.12.24 11:05:53;B. MaxSum;munic68;C++20 (GCC 14.1);WA;25;291;11.2
129116607;05.12.24 11:05:48;D. Вершина и интенсивы;munic84;Python 3.12.3;IG;0;0;0
129116602;05.12.24 11:05:47;A. Туда сюда;munic25;Python 3.12.3;WA;0;0;0
129116549;05.12.24 11:05:29;B. MaxSum;munic78;C++20 (GCC 14.1);WA;25;210;5.5
129116545;05.12.24 11:05:28;A. Туда сюда;munic102;Python 3.12.3;RE;0;0;0
129116525;05.12.24 11:05:22;D. Вершина и интенсивы;munic46;Python 3.12.3;WA;0;0;0
129116519;05.12.24 11:05:19;C. Алина и числа;munic85;C++20 (GCC 14.1);OK;100;14;2.9
129116486;05.12.24 11:05:08;D. Вершина и интенсивы;munic112;C++20 (GCC 14.1);TL;40;1090.0;2.1
129116457;05.12.24 11:04:58;B. MaxSum;munic59;Python 3.12.3;PE;0;0;0
129116443;05.12.24 11:04:55;B. MaxSum;munic73;Python 3.12.3;WA;0;0;0
129116407;05.12.24 11:04:41;C. Алина и числа;munic85;C++20 (GCC 14.1);WA;0;0;0
129116406;05.12.24 11:04:41;C. Алина и числа;munic109;Python 3.12.3;IG;50;1090.0;12.0
129116397;05.12.24 11:04:37;C. Алина и числа;munic15;C# (.NET 8.0);WA;0;0;0
129116351;05.12.24 11:04:23;A. Туда сюда;munic27;PascalABC.NET 3.9.0;CE;;0;0
129116336;05.12.24 11:04:18;D. Вершина и интенсивы;munic84;Python 3.12.3;IG;18;1090.0;16.7
129116320;05.12.24 11:04:14;B. MaxSum;munic60;C++20 (GCC 14.1);WA;25;43;11.1
129116284;05.12.24 11:04:04;A. Туда сюда;munic3;C# (.NET 8.0);CE;;0;0
129116239;05.12.24 11:03:47;E. Антоша и ITMO;munic42;C++20 (GCC 14.1);ML;0;0;0
129116175;05.12.24 11:03:28;A. Туда сюда;munic27;PascalABC.NET 3.9.0;WA;15;1090.0;6.2
129116174;05.12.24 11:03:27;A. Туда сюда;munic51;C++20 (GCC 14.1);WA;15;341;2.1
129116171;05.12.24 11:03:26;D. Вершина и интенсивы;munic84;Python 3.12.3;IG;18;1090.0;16.7
129116149;05.12.24 11:03:20;A. Туда сюда;munic27;Python 3.12.3;CE;;0;0
129116129;05.12.24 11:03:14;A. Туда сюда;munic26;Python 3.12.3;WA;0;0;0
129116115;05.12.24 11:03:11;A. Туда сюда;munic80;Python 3.12.3;RE;0;0;0
129116086;05.12.24 11:03:02;B. MaxSum;munic15;C# (.NET 8.0);WA;0;0;0
129116071;05.12.24 11:02:56;C. Алина и числа;munic45;Python 3.12.3;WA;0;0;0
129116064;05.12.24 11:02:53;C. Алина и числа;munic85;C++20 (GCC 14.1);WA;0;0;0
129116032;05.12.24 11:02:42;A. Туда сюда;munic3;C# (.NET 8.0);CE;;0;0
129115934;05.12.24 11:02:10;E. Антоша и ITMO;munic84;Python 3.12.3;IG;0;0;0
129115927;05.12.24 11:02:07;B. MaxSum;munic75;C++20 (GCC 14.1);RE;0;0;0
129115924;05.12.24 11:02:07;B. MaxSum;munic68;C++20 (GCC 14.1);WA;0;0;0
129115921;05.12.24 11:02:07;B. MaxSum;munic88;Python 3.12.3;PE;10;149;30.3
129115911;05.12.24 11:02:04;B. MaxSum;munic48;C++20 (GCC 14.1);WA;10;51;2.8
129115901;05.12.24 11:01:59;A. Туда сюда;munic15;C# (.NET 8.0);WA;0;0;0
129115890;05.12.24 11:01:54;B. MaxSum;munic36;C++20 (GCC 14.1);CE;;0;0
129115861;05.12.24 11:01:44;B. MaxSum;munic78;C++20 (GCC 14.1);WA;25;155;5.5
129115860;05.12.24 11:01:43;D. Вершина и интенсивы;munic42;C++20 (GCC 14.1);WA;0;0;0
129115846;05.12.24 11:01:39;C. Алина и числа;munic85;C++20 (GCC 14.1);WA;0;0;0
129115836;05.12.24 11:01:35;B. MaxSum;munic48;C++20 (GCC 14.1);RE;0;0;0
129115827;05.12.24 11:01:33;A. Туда сюда;munic14;Python 3.12.3;WA;0;0;0
129115795;05.12.24 11:01:21;C. Алина и числа;munic74;C++20 (GCC 14.1);TL;50;1090.0;2.9
129115756;05.12.24 11:01:10;C. Алина и числа;munic85;C++20 (GCC 14.1);WA;0;0;0
129115753;05.12.24 11:01:09;B. MaxSum;munic18;Python 3.12.3;WA;25;397;30.4
129115751;05.12.24 11:01:09;C. Алина и числа;munic22;PascalABC.NET 3.9.0;CE;;0;0
129115700;05.12.24 11:00:54;E. Антоша и ITMO;munic84;Python 3.12.3;IG;0;0;0
129115693;05.12.24 11:00:52;B. MaxSum;munic86;C++20 (GCC 14.1);WA;0;0;0
129115669;05.12.24 11:00:41;A. Туда сюда;munic19;PascalABC.NET 3.9.0;WA;0;0;0
129115639;05.12.24 11:00:28;B. MaxSum;munic54;C++20 (GCC 14.1);OK;100;128;7.3
129115614;05.12.24 11:00:17;A. Туда сюда;munic93;C# (.NET 8.0);CE;;0;0
129115611;05.12.24 11:00:17;A. Туда сюда;munic37;Python 3.12.3;PE;0;0;0
129115535;05.12.24 10:59:48;D. Вершина и интенсивы;munic84;Python 3.12.3;IG;0;0;0
129115530;05.12.24 10:59:46;D. Вершина и интенсивы;munic37;Python 3.12.3;WA;0;0;0
129115500;05.12.24 10:59:35;D. Вершина и интенсивы;munic37;C# (.NET 8.0);CE;;0;0
129115485;05.12.24 10:59:28;B. MaxSum;munic64;C++20 (GCC 14.1);WA;0;0;0
129115471;05.12.24 10:59:22;A. Туда сюда;munic28;Python 3.12.3;WA;0;0;0
129115465;05.12.24 10:59:17;C. Алина и числа;munic85;C++20 (GCC 14.1);WA;0;0;0
129115439;05.12.24 10:59:07;C. Алина и числа;munic109;Python 3.12.3;IG;50;1090.0;12.9
129115411;05.12.24 10:58:55;B. MaxSum;munic60;C++20 (GCC 14.1);WA;25;43;11.1
129115401;05.12.24 10:58:54;A. Туда сюда;munic36;C++20 (GCC 14.1);CE;;0;0
129115372;05.12.24 10:58:44;C. Алина и числа;munic84;Python 3.12.3;WA;0;0;0
129115344;05.12.24 10:58:35;B. MaxSum;munic46;Python 3.12.3;WA;0;0;0
129115298;05.12.24 10:58:20;C. Алина и числа;munic85;C++20 (GCC 14.1);WA;0;0;0
129115275;05.12.24 10:58:13;B. MaxSum;munic46;C# (.NET 8.0);CE;;0;0
129115226;05.12.24 10:57:58;A. Туда сюда;munic39;Python 3.12.3;RE;0;0;0
129115224;05.12.24 10:57:57;A. Туда сюда;munic26;Python 3.12.3;PE;0;0;0
129115211;05.12.24 10:57:53;C. Алина и числа;munic90;C++20 (GCC 14.1);TL;50;1090.0;2.5
129115181;05.12.24 10:57:43;B. MaxSum;munic42;Python 3.12.3;CE;;0;0
129115172;05.12.24 10:57:39;B. MaxSum;munic58;Python 3.12.3;WA;0;0;0
129115148;05.12.24 10:57:29;C. Алина и числа;munic84;Python 3.12.3;WA;0;0;0
129115120;05.12.24 10:57:21;A. Туда сюда;munic45;Python 3.12.3;WA;0;0;0
129115118;05.12.24 10:57:20;B. MaxSum;munic109;Python 3.12.3;CE;;0;0
129114988;05.12.24 10:56:32;A. Туда сюда;munic19;Python 3.12.3;WA;0;0;0
129114974;05.12.24 10:56:28;E. Антоша и ITMO;munic93;C# (.NET 8.0);CE;;0;0
129114953;05.12.24 10:56:21;D. Вершина и интенсивы;munic93;C# (.NET 8.0);CE;;0;0
129114932;05.12.24 10:56:16;C. Алина и числа;munic93;C# (.NET 8.0);CE;;0;0
129114915;05.12.24 10:56:11;B. MaxSum;munic93;C# (.NET 8.0);CE;;0;0
129114906;05.12.24 10:56:07;B. MaxSum;munic75;C++20 (GCC 14.1);RE;0;0;0
129114893;05.12.24 10:56:02;A. Туда сюда;munic111;Python 3.12.3;TL;0;0;0
129114852;05.12.24 10:55:52;A. Туда сюда;munic93;C# (.NET 8.0);CE;;0;0
129114825;05.12.24 10:55:44;A. Туда сюда;munic46;Python 3.12.3;RE;0;0;0
129114799;05.12.24 10:55:38;A. Туда сюда;munic21;Python 3.12.3;RE;0;0;0
129114783;05.12.24 10:55:32;A. Туда сюда;munic36;Python 3.12.3;PE;0;0;0
129114746;05.12.24 10:55:24;A. Туда сюда;munic42;Python 3.12.3;WA;0;0;0
129114743;05.12.24 10:55:23;B. MaxSum;munic37;C# (.NET 8.0);WA;0;0;0
129114742;05.12.24 10:55:22;B. MaxSum;munic43;C# (.NET 8.0);CE;;0;0
129114705;05.12.24 10:55:10;A. Туда сюда;munic102;Python 3.12.3;RE;0;0;0
129114633;05.12.24 10:54:46;A. Туда сюда;munic34;Python 3.12.3;TL;40;1090.0;4.4
129114622;05.12.24 10:54:43;A. Туда сюда;munic107;Python 3.12.3;TL;40;1090.0;4.4
129114591;05.12.24 10:54:35;B. MaxSum;munic63;Python 3.12.3;WA;0;0;0
129114576;05.12.24 10:54:27;A. Туда сюда;munic107;C# (.NET 8.0);CE;;0;0
129114567;05.12.24 10:54:20;A. Туда сюда;munic109;Python 3.12.3;CE;;0;0
129114542;05.12.24 10:54:15;C. Алина и числа;munic43;C# (.NET 8.0);CE;;0;0
129114504;05.12.24 10:54:01;A. Туда сюда;munic34;Python 3.12.3;WA;0;0;0
129114471;05.12.24 10:53:47;A. Туда сюда;munic19;Python 3.12.3;WA;0;0;0
129114454;05.12.24 10:53:40;B. MaxSum;munic60;C++20 (GCC 14.1);WA;25;40;5.7
129114447;05.12.24 10:53:38;E. Антоша и ITMO;munic44;Python 3.12.3;WA;0;0;0
129114444;05.12.24 10:53:36;A. Туда сюда;munic46;Python 3.12.3;PE;0;0;0
129114431;05.12.24 10:53:31;E. Антоша и ITMO;munic38;Python 3.12.3;RE;0;0;0
129114399;05.12.24 10:53:19;B. MaxSum;munic76;C++20 (GCC 14.1);OK;100;130;14.1
129114396;05.12.24 10:53:18;A. Туда сюда;munic44;Python 3.12.3;CE;;0;0
129114371;05.12.24 10:53:08;A. Туда сюда;munic58;Python 3.12.3;OK;100;35;4.3
129114348;05.12.24 10:52:59;D. Вершина и интенсивы;munic44;Python 3.12.3;CE;;0;0
129114339;05.12.24 10:52:56;A. Туда сюда;munic23;Python 3.12.3;WA;0;0;0
129114337;05.12.24 10:52:55;A. Туда сюда;munic34;Python 3.12.3;TL;40;1090.0;4.3
129114335;05.12.24 10:52:54;B. MaxSum;munic3;C# (.NET 8.0);CE;;0;0
129114331;05.12.24 10:52:53;A. Туда сюда;munic14;Python 3.12.3;CE;;0;0
129114299;05.12.24 10:52:42;B. MaxSum;munic63;Python 3.12.3;WA;0;0;0
129114287;05.12.24 10:52:38;B. MaxSum;munic68;C++20 (GCC 14.1);WA;25;159;5.4
129114271;05.12.24 10:52:32;C. Алина и числа;munic44;Python 3.12.3;RE;0;0;0
129114258;05.12.24 10:52:25;B. MaxSum;munic3;C# (.NET 8.0);CE;;0;0
129114256;05.12.24 10:52:24;A. Туда сюда;munic59;Python 3.12.3;OK;100;35;4.4
129114204;05.12.24 10:52:05;A. Туда сюда;munic22;PascalABC.NET 3.9.0;CE;;0;0
129114181;05.12.24 10:51:55;A. Туда сюда;munic27;Python 3.12.3;WA;0;0;0
129114179;05.12.24 10:51:54;B. MaxSum;munic37;C# (.NET 8.0);CE;;0;0
129114174;05.12.24 10:51:53;A. Туда сюда;munic69;Python 3.12.3;WA;40;35;4.4
129114157;05.12.24 10:51:45;B. MaxSum;munic3;C# (.NET 8.0);CE;;0;0
129114130;05.12.24 10:51:34;A. Туда сюда;munic69;C# (.NET 8.0);CE;;0;0
129114109;05.12.24 10:51:25;A. Туда сюда;munic14;Python 3.12.3;CE;;0;0
129114060;05.12.24 10:51:04;A. Туда сюда;munic34;Python 3.12.3;TL;40;1090.0;4.4
129114048;05.12.24 10:51:00;A. Туда сюда;munic65;C++20 (GCC 14.1);WA;15;342;2.1
129114038;05.12.24 10:50:57;B. MaxSum;munic3;C# (.NET 8.0);CE;;0;0
129114000;05.12.24 10:50:43;B. MaxSum;munic45;Python 3.12.3;PE;0;0;0
129113989;05.12.24 10:50:39;E. Антоша и ITMO;munic46;Python 3.12.3;RE;0;0;0
129113957;05.12.24 10:50:25;B. MaxSum;munic84;Python 3.12.3;IG;0;0;0
129113955;05.12.24 10:50:24;C. Алина и числа;munic42;C++20 (GCC 14.1);CE;;0;0
129113954;05.12.24 10:50:24;D. Вершина и интенсивы;munic21;C# (.NET 8.0);CE;;0;0
129113913;05.12.24 10:50:09;D. Вершина и интенсивы;munic38;Python 3.12.3;IG;18;1090.0;14.6
129113905;05.12.24 10:50:07;A. Туда сюда;munic109;Python 3.12.3;CE;;0;0
129113868;05.12.24 10:49:50;B. MaxSum;munic37;C# (.NET 8.0);CE;;0;0
129113858;05.12.24 10:49:46;A. Туда сюда;munic27;Python 3.12.3;TL;40;1090.0;4.4
129113842;05.12.24 10:49:41;A. Туда сюда;munic111;Python 3.12.3;TL;40;1090.0;4.4
129113827;05.12.24 10:49:35;B. MaxSum;munic63;Python 3.12.3;WA;0;0;0
129113814;05.12.24 10:49:30;B. MaxSum;munic84;Python 3.12.3;IG;0;0;0
129113797;05.12.24 10:49:22;A. Туда сюда;munic27;Python 3.12.3;TL;40;1090.0;4.3
129113778;05.12.24 10:49:14;B. MaxSum;munic54;C++20 (GCC 14.1);WA;0;0;0
129113754;05.12.24 10:49:06;B. MaxSum;munic76;C++20 (GCC 14.1);WA;0;0;0
129113721;05.12.24 10:48:54;A. Туда сюда;munic73;Python 3.12.3;OK;100;35;4.4
129113703;05.12.24 10:48:49;A. Туда сюда;munic88;Python 3.12.3;OK;100;46;4.6
129113701;05.12.24 10:48:48;B. MaxSum;munic91;Python 3.12.3;WA;55;349;40.0
129113699;05.12.24 10:48:48;A. Туда сюда;munic86;C++20 (GCC 14.1);OK;100;2;2.1
129113666;05.12.24 10:48:34;A. Туда сюда;munic23;Python 3.12.3;WA;0;0;0
129113661;05.12.24 10:48:33;C. Алина и числа;munic21;C# (.NET 8.0);CE;;0;0
129113658;05.12.24 10:48:32;B. MaxSum;munic44;Python 3.12.3;CE;;0;0
129113625;05.12.24 10:48:19;A. Туда сюда;munic66;C++20 (GCC 14.1);OK;100;870;2.1
129113617;05.12.24 10:48:15;C. Алина и числа;munic38;Python 3.12.3;WA;0;0;0
129113612;05.12.24 10:48:14;D. Вершина и интенсивы;munic46;Python 3.12.3;WA;0;0;0
129113554;05.12.24 10:47:56;A. Туда сюда;munic27;Python 3.12.3;TL;40;1090.0;4.4
129113531;05.12.24 10:47:45;A. Туда сюда;munic45;Python 3.12.3;RE;0;0;0
129113528;05.12.24 10:47:44;B. MaxSum;munic84;Python 3.12.3;IG;10;157;30.6
129113511;05.12.24 10:47:40;A. Туда сюда;munic88;Python 3.12.3;TL;40;1090.0;4.4
129113503;05.12.24 10:47:37;A. Туда сюда;munic109;Python 3.12.3;CE;;0;0
129113495;05.12.24 10:47:33;A. Туда сюда;munic58;Python 3.12.3;RE;0;0;0
129113493;05.12.24 10:47:33;A. Туда сюда;munic3;C# (.NET 8.0);CE;;0;0
129113466;05.12.24 10:47:21;A. Туда сюда;munic111;Python 3.12.3;WA;0;0;0
129113444;05.12.24 10:47:15;A. Туда сюда;munic27;C# (.NET 8.0);CE;;0;0
129113396;05.12.24 10:46:57;B. MaxSum;munic37;C# (.NET 8.0);CE;;0;0
129113385;05.12.24 10:46:54;A. Туда сюда;munic65;C++20 (GCC 14.1);WA;0;0;0
129113369;05.12.24 10:46:47;D. Вершина и интенсивы;munic15;C# (.NET 8.0);WA;0;0;0
129113367;05.12.24 10:46:47;C. Алина и числа;munic46;Python 3.12.3;IG;50;1090.0;11.8
129113348;05.12.24 10:46:39;A. Туда сюда;munic59;Python 3.12.3;PE;0;0;0
129113300;05.12.24 10:46:22;B. MaxSum;munic55;C++20 (GCC 14.1);WA;0;0;0
129113264;05.12.24 10:46:08;D. Вершина и интенсивы;munic15;C# (.NET 8.0);WA;0;0;0
129113247;05.12.24 10:46:03;A. Туда сюда;munic45;Python 3.12.3;PE;0;0;0
129113242;05.12.24 10:46:01;A. Туда сюда;munic67;C++20 (GCC 14.1);WA;15;2;2.0
129113225;05.12.24 10:45:55;A. Туда сюда;munic34;Python 3.12.3;TL;40;1090.0;4.4
129113167;05.12.24 10:45:36;B. MaxSum;munic84;Python 3.12.3;IG;10;154;30.6
129113139;05.12.24 10:45:26;B. MaxSum;munic21;C# (.NET 8.0);CE;;0;0
129113137;05.12.24 10:45:26;A. Туда сюда;munic109;Python 3.12.3;CE;;0;0
129113136;05.12.24 10:45:26;A. Туда сюда;munic34;C# (.NET 8.0);CE;;0;0
129113123;05.12.24 10:45:21;B. MaxSum;munic46;C# (.NET 8.0);CE;;0;0
129113072;05.12.24 10:45:05;B. MaxSum;munic37;C# (.NET 8.0);CE;;0;0
129113055;05.12.24 10:44:57;B. MaxSum;munic46;Python 3.12.3;WA;0;0;0
129113023;05.12.24 10:44:48;A. Туда сюда;munic111;Python 3.12.3;WA;0;0;0
129112989;05.12.24 10:44:38;A. Туда сюда;munic63;Python 3.12.3;TL;40;1090.0;4.4
129112970;05.12.24 10:44:32;B. MaxSum;munic76;C++20 (GCC 14.1);WA;25;41;5.7
129112966;05.12.24 10:44:31;A. Туда сюда;munic60;C++20 (GCC 14.1);OK;100;2;2.2
129112961;05.12.24 10:44:29;A. Туда сюда;munic66;C++20 (GCC 14.1);WA;15;341;2.1
129112942;05.12.24 10:44:23;A. Туда сюда;munic4;C# (.NET 8.0);CE;;0;0
129112891;05.12.24 10:44:06;B. MaxSum;munic76;C++20 (GCC 14.1);WA;25;40;5.7
129112831;05.12.24 10:43:43;A. Туда сюда;munic111;Python 3.12.3;PE;0;0;0
129112824;05.12.24 10:43:41;A. Туда сюда;munic102;Python 3.12.3;RE;0;0;0
129112801;05.12.24 10:43:34;A. Туда сюда;munic111;C# (.NET 8.0);CE;;0;0
129112767;05.12.24 10:43:19;A. Туда сюда;munic14;Python 3.12.3;CE;;0;0
129112759;05.12.24 10:43:16;A. Туда сюда;munic46;Python 3.12.3;PE;0;0;0
129112740;05.12.24 10:43:10;A. Туда сюда;munic51;C++20 (GCC 14.1);WA;15;341;2.0
129112711;05.12.24 10:42:59;A. Туда сюда;munic88;Python 3.12.3;TL;40;1090.0;4.4
129112698;05.12.24 10:42:56;A. Туда сюда;munic67;C++20 (GCC 14.1);WA;15;2;2.1
129112691;05.12.24 10:42:54;A. Туда сюда;munic14;Python 3.12.3;CE;;0;0
129112669;05.12.24 10:42:44;A. Туда сюда;munic39;Python 3.12.3;RE;0;0;0
129112644;05.12.24 10:42:33;A. Туда сюда;munic14;C# (.NET 8.0);CE;;0;0
129112641;05.12.24 10:42:32;A. Туда сюда;munic15;C# (.NET 8.0);WA;0;0;0
129112631;05.12.24 10:42:30;B. MaxSum;munic37;C# (.NET 8.0);CE;;0;0
129112595;05.12.24 10:42:19;B. MaxSum;munic90;C++20 (GCC 14.1);OK;100;293;8.7
129112594;05.12.24 10:42:17;A. Туда сюда;munic54;C++20 (GCC 14.1);OK;100;3;2.3
129112575;05.12.24 10:42:12;B. MaxSum;munic68;C++20 (GCC 14.1);WA;55;211;6.4
129112534;05.12.24 10:41:54;A. Туда сюда;munic15;C# (.NET 8.0);WA;0;0;0
129112516;05.12.24 10:41:46;A. Туда сюда;munic22;PascalABC.NET 3.9.0;CE;;0;0
129112488;05.12.24 10:41:31;A. Туда сюда;munic65;C++20 (GCC 14.1);WA;15;342;2.0
129112461;05.12.24 10:41:24;B. MaxSum;munic85;C++20 (GCC 14.1);WA;55;116;14.4
129112439;05.12.24 10:41:18;B. MaxSum;munic74;C++20 (GCC 14.1);OK;100;127;3.7
129112423;05.12.24 10:41:11;A. Туда сюда;munic46;Python 3.12.3;WA;0;0;0
129112368;05.12.24 10:40:50;A. Туда сюда;munic18;Python 3.12.3;OK;100;35;4.4
129112325;05.12.24 10:40:32;B. MaxSum;munic3;C# (.NET 8.0);CE;;0;0
129112285;05.12.24 10:40:19;A. Туда сюда;munic86;C++20 (GCC 14.1);WA;0;0;0
129112280;05.12.24 10:40:18;A. Туда сюда;munic16;Python 3.12.3;TL;40;1090.0;4.3
129112261;05.12.24 10:40:10;A. Туда сюда;munic37;C# (.NET 8.0);CE;;0;0
129112254;05.12.24 10:40:07;A. Туда сюда;munic54;C++20 (GCC 14.1);WA;0;0;0
129112235;05.12.24 10:39:59;A. Туда сюда;munic73;Python 3.12.3;TL;40;1090.0;4.3
129112219;05.12.24 10:39:51;A. Туда сюда;munic102;C# (.NET 8.0);CE;;0;0
129112218;05.12.24 10:39:50;B. MaxSum;munic91;Python 3.12.3;WA;0;0;0
129112187;05.12.24 10:39:38;D. Вершина и интенсивы;munic15;C# (.NET 8.0);WA;0;0;0
129112174;05.12.24 10:39:31;C. Алина и числа;munic1;C++20 (GCC 14.1);IG;100;14;2.9
129112162;05.12.24 10:39:26;B. MaxSum;munic38;Python 3.12.3;CE;;0;0
129112099;05.12.24 10:38:57;A. Туда сюда;munic51;Python 3.12.3;TL;40;1090.0;4.4
129112064;05.12.24 10:38:46;A. Туда сюда;munic37;C# (.NET 8.0);CE;;0;0
129111980;05.12.24 10:38:14;A. Туда сюда;munic46;Python 3.12.3;RE;0;0;0
129111958;05.12.24 10:38:03;A. Туда сюда;munic88;Python 3.12.3;WA;0;0;0
129111897;05.12.24 10:37:45;A. Туда сюда;munic38;Python 3.12.3;CE;;0;0
129111877;05.12.24 10:37:37;A. Туда сюда;munic62;C++20 (GCC 14.1);OK;100;579;2.0
129111876;05.12.24 10:37:37;A. Туда сюда;munic71;Python 3.12.3;WA;0;0;0
129111838;05.12.24 10:37:21;A. Туда сюда;munic57;C++20 (GCC 14.1);OK;100;870;2.1
129111827;05.12.24 10:37:15;A. Туда сюда;munic54;C++20 (GCC 14.1);WA;0;0;0
129111824;05.12.24 10:37:14;A. Туда сюда;munic67;C++20 (GCC 14.1);WA;15;2;2.1
129111817;05.12.24 10:37:10;B. MaxSum;munic68;C++20 (GCC 14.1);WA;0;0;0
129111794;05.12.24 10:37:00;A. Туда сюда;munic60;C++20 (GCC 14.1);WA;0;0;0
129111746;05.12.24 10:36:40;A. Туда сюда;munic66;C++20 (GCC 14.1);WA;0;0;0
129111735;05.12.24 10:36:34;B. MaxSum;munic85;C++20 (GCC 14.1);PE;10;39;5.7
129111722;05.12.24 10:36:28;A. Туда сюда;munic112;C++20 (GCC 14.1);OK;100;2;2.1
129111698;05.12.24 10:36:18;A. Туда сюда;munic55;C++20 (GCC 14.1);OK;100;870;2.0
129111676;05.12.24 10:36:13;B. MaxSum;munic85;C++20 (GCC 14.1);CE;;0;0
129111640;05.12.24 10:35:58;A. Туда сюда;munic84;Python 3.12.3;WA;0;0;0
129111632;05.12.24 10:35:54;A. Туда сюда;munic3;C# (.NET 8.0);CE;;0;0
129111628;05.12.24 10:35:53;A. Туда сюда;munic79;Python 3.12.3;TL;40;1090.0;4.4
129111606;05.12.24 10:35:43;D. Вершина и интенсивы;munic15;C# (.NET 8.0);CE;;0;0
129111564;05.12.24 10:35:24;A. Туда сюда;munic54;C++20 (GCC 14.1);WA;0;0;0
129111555;05.12.24 10:35:22;A. Туда сюда;munic67;C++20 (GCC 14.1);WA;15;2;2.1
129111523;05.12.24 10:35:08;A. Туда сюда;munic88;Python 3.12.3;WA;0;0;0
129111419;05.12.24 10:34:24;A. Туда сюда;munic1;Python 3.12.3;IG;100;35;4.4
129111412;05.12.24 10:34:21;A. Туда сюда;munic48;C++20 (GCC 14.1);OK;100;2;1.9
129111380;05.12.24 10:34:09;A. Туда сюда;munic90;C++20 (GCC 14.1);OK;100;2;2.0
129111366;05.12.24 10:34:05;A. Туда сюда;munic91;Python 3.12.3;OK;100;35;4.4
129111362;05.12.24 10:34:04;A. Туда сюда;munic75;C++20 (GCC 14.1);OK;100;873;2.0
129111345;05.12.24 10:33:53;A. Туда сюда;munic84;Python 3.12.3;WA;0;0;0
129111329;05.12.24 10:33:44;A. Туда сюда;munic57;C++20 (GCC 14.1);WA;15;342;2.1
129111328;05.12.24 10:33:44;A. Туда сюда;munic78;C++20 (GCC 14.1);OK;100;870;2.2
129111271;05.12.24 10:33:22;A. Туда сюда;munic68;C++20 (GCC 14.1);OK;100;2;2.0
129111264;05.12.24 10:33:19;A. Туда сюда;munic86;C++20 (GCC 14.1);WA;0;0;0
129111259;05.12.24 10:33:17;A. Туда сюда;munic48;C++20 (GCC 14.1);WA;0;0;0
129111185;05.12.24 10:32:42;A. Туда сюда;munic73;Python 3.12.3;WA;0;0;0
129111173;05.12.24 10:32:37;A. Туда сюда;munic64;C++20 (GCC 14.1);OK;100;2;2.0
129111170;05.12.24 10:32:36;A. Туда сюда;munic74;Python 3.12.3;OK;100;35;4.3
129111148;05.12.24 10:32:26;A. Туда сюда;munic90;C++20 (GCC 14.1);WA;0;0;0
129111142;05.12.24 10:32:23;A. Туда сюда;munic84;Python 3.12.3;WA;0;0;0
129111137;05.12.24 10:32:22;A. Туда сюда;munic85;C++20 (GCC 14.1);OK;100;2;2.1
129111121;05.12.24 10:32:13;A. Туда сюда;munic84;C# (.NET 8.0);CE;;0;0
129111114;05.12.24 10:32:11;A. Туда сюда;munic76;C++20 (GCC 14.1);OK;100;2;2.0
129111100;05.12.24 10:32:09;A. Туда сюда;munic48;C++20 (GCC 14.1);WA;0;0;0
129111067;05.12.24 10:31:56;A. Туда сюда;munic48;C# (.NET 8.0);CE;;0;0
129111039;05.12.24 10:31:42;A. Туда сюда;munic85;C++20 (GCC 14.1);WA;0;0;0
